B19013B_001E,name,county,county subdivision,state
-666666666.0,"Tomlinson township, Logan County, Arkansas",083,93619,05
-666666666.0,"East Roanoke township, Randolph County, Arkansas",121,91204,05
-666666666.0,"Wharton township, Madison County, Arkansas",087,93976,05
-666666666.0,"Tyler township, Prairie County, Arkansas",117,93654,05
-666666666.0,"Caddo Gap township, Montgomery County, Arkansas",097,90595,05
-666666666.0,"Black River-Marshell township, Independence County, Arkansas",063,90343,05
-666666666.0,"Alamo township, Montgomery County, Arkansas",097,90013,05
-666666666.0,"Black Springs township, Montgomery County, Arkansas",097,90346,05
-666666666.0,"Fannie township, Montgomery County, Arkansas",097,91273,05
-666666666.0,"Hopper township, Montgomery County, Arkansas",097,91765,05
14643.0,"Township 1, Calhoun County, Arkansas",013,93627,05
-666666666.0,"West Prairie township, Poinsett County, Arkansas",111,93973,05
-666666666.0,"Township 3, Calhoun County, Arkansas",013,93631,05
29041.0,"Tyronza township, Crittenden County, Arkansas",035,93655,05
-666666666.0,"Township 5, Calhoun County, Arkansas",013,93635,05
-666666666.0,"Township 2, Calhoun County, Arkansas",013,93629,05
28750.0,"Township 4, Calhoun County, Arkansas",013,93633,05
-666666666.0,"Township 6, Calhoun County, Arkansas",013,93637,05
-666666666.0,"Township 7, Calhoun County, Arkansas",013,93639,05
-666666666.0,"Twist township, Cross County, Arkansas",037,93652,05
-666666666.0,"Tontitown township, Washington County, Arkansas",143,93623,05
-666666666.0,"East Fork township, Faulkner County, Arkansas",045,91199,05
-666666666.0,"Traskwood township, Saline County, Arkansas",125,93648,05
-666666666.0,"Mount Ida township, Montgomery County, Arkansas",097,92620,05
-666666666.0,"Norman township, Montgomery County, Arkansas",097,92701,05
-666666666.0,"Oden township, Montgomery County, Arkansas",097,92737,05
-666666666.0,"Sims township, Montgomery County, Arkansas",097,93385,05
-666666666.0,"Tyler township, Perry County, Arkansas",105,93653,05
27772.0,"Township 8, Calhoun County, Arkansas",013,93641,05
17188.0,"Township 9, Calhoun County, Arkansas",013,93643,05
-666666666.0,"Bennett-Lemmons township, Clay County, Arkansas",021,90232,05
-666666666.0,"Bradshaw-Haywood township, Clay County, Arkansas",021,90448,05
-666666666.0,"Brown-Carpenter township, Clay County, Arkansas",021,90496,05
-666666666.0,"Cache-Wilson township, Clay County, Arkansas",021,90589,05
-666666666.0,"Chalk Bluff-Liddell township, Clay County, Arkansas",021,90757,05
-666666666.0,"Cleveland-North Kilgore township, Clay County, Arkansas",021,90874,05
-666666666.0,"East Oak Bluff-Blue Cane township, Clay County, Arkansas",021,91201,05
-666666666.0,"Payne-Swain township, Clay County, Arkansas",021,92836,05
-666666666.0,"Gleghorn-South Kilgore township, Clay County, Arkansas",021,91474,05
63176.0,"Behestian township, Ouachita County, Arkansas",103,90213,05
-666666666.0,"North St. Francis township, Clay County, Arkansas",021,92719,05
-666666666.0,"South St. Francis township, Clay County, Arkansas",021,93439,05
-666666666.0,"West Oak Bluff township, Clay County, Arkansas",021,93971,05
-666666666.0,"Tomlinson township, Scott County, Arkansas",127,93620,05
-666666666.0,"Tubal township, Union County, Arkansas",139,93650,05
-666666666.0,"East Griggs township, Van Buren County, Arkansas",141,91200,05
-666666666.0,"Formosa township, Van Buren County, Arkansas",141,91318,05
-666666666.0,"Holly Mountain township, Van Buren County, Arkansas",141,91750,05
-666666666.0,"West Griggs township, Van Buren County, Arkansas",141,93970,05
-666666666.0,"Turkey Creek township, Stone County, Arkansas",137,93651,05
-666666666.0,"Marais Saline township, Ashley County, Arkansas",003,92365,05
-666666666.0,"Township 1, Benton County, Arkansas",007,93626,05
-666666666.0,"Township 2, Benton County, Arkansas",007,93628,05
59659.0,"Township 3, Benton County, Arkansas",007,93630,05
54792.0,"Township 4, Benton County, Arkansas",007,93632,05
-666666666.0,"Township 5, Benton County, Arkansas",007,93634,05
71458.0,"Township 6, Benton County, Arkansas",007,93636,05
139375.0,"Township 7, Benton County, Arkansas",007,93638,05
-666666666.0,"Township 8, Benton County, Arkansas",007,93640,05
59254.0,"Township 9, Benton County, Arkansas",007,93642,05
-666666666.0,"Township 11, Benton County, Arkansas",007,93645,05
-666666666.0,"Marion County township, Marion County, Arkansas",089,92398,05
21736.0,"Township 10, Benton County, Arkansas",007,93644,05
-666666666.0,"Township 12, Benton County, Arkansas",007,93646,05
49625.0,"Township 13, Benton County, Arkansas",007,93647,05
-666666666.0,"East Sullivan township, Sharp County, Arkansas",135,91205,05
-666666666.0,"Totten township, Lonoke County, Arkansas",085,93625,05
-666666666.0,"Big Bottom-Wycough-Logan township, Independence County, Arkansas",063,90250,05
-666666666.0,"Cushman-Union township, Independence County, Arkansas",063,90994,05
-666666666.0,"Madison township, Grant County, Arkansas",053,92334,05
-666666666.0,"Washington township, Grant County, Arkansas",053,93912,05
-666666666.0,"Davis township, Grant County, Arkansas",053,91032,05
-666666666.0,"River township, Grant County, Arkansas",053,93192,05
-666666666.0,"Franklin township, Grant County, Arkansas",053,91347,05
-666666666.0,"Fenter township, Grant County, Arkansas",053,91287,05
23296.0,"Mississippi township, Crittenden County, Arkansas",035,92508,05
-666666666.0,"Lucas township, Crittenden County, Arkansas",035,92298,05
55179.0,"Jasper township, Crittenden County, Arkansas",035,91908,05
-666666666.0,"Wappanocca township, Crittenden County, Arkansas",035,93873,05
23250.0,"Bob Ward township, Crittenden County, Arkansas",035,90384,05
45947.0,"Proctor township, Crittenden County, Arkansas",035,93033,05
-666666666.0,"Cobb township, Franklin County, Arkansas",047,90885,05
-666666666.0,"Morgan township, Franklin County, Arkansas",047,92559,05
-666666666.0,"Black Oak township, Crittenden County, Arkansas",035,90333,05
-666666666.0,"Mountain township, Franklin County, Arkansas",047,92592,05
-666666666.0,"Weaver township, Franklin County, Arkansas",047,93954,05
17031.0,"Jackson township, Crittenden County, Arkansas",035,91857,05
-666666666.0,"Mound City township, Crittenden County, Arkansas",035,92580,05
18580.0,"Fogleman township, Crittenden County, Arkansas",035,91314,05
-666666666.0,"Arbana township, Stone County, Arkansas",137,90053,05
-666666666.0,"Reed township, Washington County, Arkansas",143,93102,05
-666666666.0,"Crawford township, Washington County, Arkansas",143,90957,05
-666666666.0,"Elm Springs township, Washington County, Arkansas",143,91233,05
-666666666.0,"Roasting Ear township, Stone County, Arkansas",137,93207,05
-666666666.0,"Bryan township, Stone County, Arkansas",137,90519,05
-666666666.0,"Brush Creek township, Washington County, Arkansas",143,90501,05
-666666666.0,"Cove Creek township, Washington County, Arkansas",143,90945,05
-666666666.0,"Farmington township, Washington County, Arkansas",143,91274,05
-666666666.0,"Illinois township, Washington County, Arkansas",143,91815,05
-666666666.0,"Prairie township, Washington County, Arkansas",143,93018,05
-666666666.0,"Prairie Grove township, Washington County, Arkansas",143,93024,05
-666666666.0,"West Fork township, Washington County, Arkansas",143,93969,05
-666666666.0,"Winslow township, Washington County, Arkansas",143,94104,05
-666666666.0,"Lincoln township, Washington County, Arkansas",143,92213,05
-666666666.0,"Litteral township, Washington County, Arkansas",143,92217,05
-666666666.0,"Marrs Hill township, Washington County, Arkansas",143,92400,05
-666666666.0,"Washington township, Van Buren County, Arkansas",141,93933,05
-666666666.0,"Jefferson township, Saline County, Arkansas",125,91947,05
-666666666.0,"Craig township, Van Buren County, Arkansas",141,90951,05
55789.0,"Bryant township, Saline County, Arkansas",125,90522,05
-666666666.0,"Archey Valley township, Van Buren County, Arkansas",141,90054,05
-666666666.0,"Choctaw township, Van Buren County, Arkansas",141,90789,05
-666666666.0,"Calhoun township, Prairie County, Arkansas",117,90612,05
-666666666.0,"Union township, Prairie County, Arkansas",117,93717,05
-666666666.0,"White River township, Prairie County, Arkansas",117,94023,05
-666666666.0,"Bullard township, Prairie County, Arkansas",117,90543,05
-666666666.0,"Center township, Prairie County, Arkansas",117,90738,05
-666666666.0,"Belcher township, Prairie County, Arkansas",117,90216,05
30156.0,"Hazen township, Prairie County, Arkansas",117,91650,05
29464.0,"Lower Surrounded Hill township, Prairie County, Arkansas",117,92289,05
-666666666.0,"Des Arc township, Prairie County, Arkansas",117,91083,05
18077.0,"Franklin township, Union County, Arkansas",139,91365,05
-666666666.0,"Garner township, Union County, Arkansas",139,91440,05
-666666666.0,"Harrison township, Union County, Arkansas",139,91620,05
71023.0,"Wesson township, Union County, Arkansas",139,93966,05
22000.0,"Lapile township, Union County, Arkansas",139,92121,05
23056.0,"Smackover township, Union County, Arkansas",139,93396,05
-666666666.0,"Cornie township, Union County, Arkansas",139,90924,05
16611.0,"Johnson township, Union County, Arkansas",139,91986,05
-666666666.0,"Norphlet township, Union County, Arkansas",139,92703,05
-666666666.0,"Van Buren township, Union County, Arkansas",139,93777,05
-666666666.0,"Boone township, Union County, Arkansas",139,90408,05
-666666666.0,"Jackson township, Union County, Arkansas",139,91884,05
31231.0,"Wilmington township, Union County, Arkansas",139,94074,05
22656.0,"Henderson township, Union County, Arkansas",139,91665,05
26908.0,"El Dorado township, Union County, Arkansas",139,91218,05
20500.0,"De View township, Woodruff County, Arkansas",147,91092,05
-666666666.0,"Pumpkin Bend township, Woodruff County, Arkansas",147,93045,05
-666666666.0,"Barnes township, Woodruff County, Arkansas",147,90114,05
-666666666.0,"Garden township, Woodruff County, Arkansas",147,91419,05
14948.0,"Cotton Plant township, Woodruff County, Arkansas",147,90927,05
-666666666.0,"Dent township, Woodruff County, Arkansas",147,91068,05
-666666666.0,"Franks township, Woodruff County, Arkansas",147,91371,05
-666666666.0,"Freeman township, Woodruff County, Arkansas",147,91380,05
-666666666.0,"Cache township, Woodruff County, Arkansas",147,90588,05
17292.0,"Augusta township, Woodruff County, Arkansas",147,90078,05
-666666666.0,"White River township, Woodruff County, Arkansas",147,94029,05
-666666666.0,"Mountain township, Van Buren County, Arkansas",141,92610,05
-666666666.0,"Cadron township, Van Buren County, Arkansas",141,90603,05
-666666666.0,"Barnett township, Van Buren County, Arkansas",141,90117,05
-666666666.0,"Union township, Van Buren County, Arkansas",141,93729,05
-666666666.0,"Culpepper township, Van Buren County, Arkansas",141,90987,05
-666666666.0,"Bradley township, Van Buren County, Arkansas",141,90444,05
-666666666.0,"Linn Creek township, Van Buren County, Arkansas",141,92214,05
-666666666.0,"Wheeler township, Van Buren County, Arkansas",141,93984,05
-666666666.0,"Liberty township, Van Buren County, Arkansas",141,92190,05
-666666666.0,"Red River township, Van Buren County, Arkansas",141,93093,05
-666666666.0,"Davis township, Van Buren County, Arkansas",141,91035,05
-666666666.0,"Indian Rock township, Van Buren County, Arkansas",141,91830,05
-666666666.0,"Cargile township, Van Buren County, Arkansas",141,90660,05
-666666666.0,"Bryan township, Boone County, Arkansas",009,90507,05
-666666666.0,"Zinc township, Boone County, Arkansas",009,94134,05
-666666666.0,"Jackson township, Boone County, Arkansas",009,91848,05
-666666666.0,"Long Creek township, Boone County, Arkansas",009,92268,05
-666666666.0,"North Harrison township, Boone County, Arkansas",009,92715,05
-666666666.0,"Summit township, Boone County, Arkansas",009,93552,05
-666666666.0,"Ewing township, Boone County, Arkansas",009,91260,05
-666666666.0,"Lee township, Boone County, Arkansas",009,92133,05
-666666666.0,"Prairie township, Boone County, Arkansas",009,92979,05
-666666666.0,"Batavia township, Boone County, Arkansas",009,90144,05
-666666666.0,"Gaither township, Boone County, Arkansas",009,91404,05
-666666666.0,"Jefferson township, Boone County, Arkansas",009,91914,05
-666666666.0,"Bellefonte township, Boone County, Arkansas",009,90219,05
-666666666.0,"Blythe township, Boone County, Arkansas",009,90375,05
-666666666.0,"Carrollton township, Boone County, Arkansas",009,90678,05
-666666666.0,"Elixir township, Boone County, Arkansas",009,91224,05
-666666666.0,"Olvey township, Boone County, Arkansas",009,92757,05
-666666666.0,"Omaha township, Boone County, Arkansas",009,92760,05
-666666666.0,"South Harrison township, Boone County, Arkansas",009,93435,05
-666666666.0,"Sugar Loaf township, Boone County, Arkansas",009,93522,05
-666666666.0,"Mill Creek township, Izard County, Arkansas",065,92475,05
-666666666.0,"Big Spring township, Izard County, Arkansas",065,90306,05
-666666666.0,"Bryan township, Izard County, Arkansas",065,90513,05
-666666666.0,"Caney township, Woodruff County, Arkansas",147,90657,05
-666666666.0,"Point township, Woodruff County, Arkansas",147,92934,05
-666666666.0,"Cadron township, Cleburne County, Arkansas",023,90597,05
-666666666.0,"Francis township, Cleburne County, Arkansas",023,91329,05
-666666666.0,"Mountain township, Cleburne County, Arkansas",023,92583,05
-666666666.0,"Pickens township, Cleburne County, Arkansas",023,92874,05
-666666666.0,"Sugar Loaf township, Cleburne County, Arkansas",023,93525,05
-666666666.0,"Wilburn township, Cleburne County, Arkansas",023,94053,05
-666666666.0,"Clayton township, Cleburne County, Arkansas",023,90828,05
-666666666.0,"Heber township, Cleburne County, Arkansas",023,91656,05
-666666666.0,"Healing Springs township, Cleburne County, Arkansas",023,91653,05
-666666666.0,"Piney township, Cleburne County, Arkansas",023,92901,05
-666666666.0,"Giles township, Cleburne County, Arkansas",023,91458,05
-666666666.0,"Saline township, Cleburne County, Arkansas",023,93294,05
-666666666.0,"Grassey township, Cleburne County, Arkansas",023,91493,05
-666666666.0,"McJester township, Cleburne County, Arkansas",023,92319,05
-666666666.0,"Morgan township, Cleburne County, Arkansas",023,92556,05
-666666666.0,"Valley township, Cleburne County, Arkansas",023,93750,05
-666666666.0,"Center Post township, Cleburne County, Arkansas",023,90750,05
-666666666.0,"Poff township, Cleburne County, Arkansas",023,92931,05
-666666666.0,"California township, Cleburne County, Arkansas",023,90615,05
-666666666.0,"Peter Creek township, Cleburne County, Arkansas",023,92853,05
-666666666.0,"Sugar Camp township, Cleburne County, Arkansas",023,93510,05
-666666666.0,"Pine township, Cleburne County, Arkansas",023,92886,05
-666666666.0,"Lee township, Cleveland County, Arkansas",025,92136,05
21250.0,"Kingsland township, Cleveland County, Arkansas",025,92049,05
-666666666.0,"Miller township, Cleveland County, Arkansas",025,92493,05
-666666666.0,"Union township, Izard County, Arkansas",065,93693,05
-666666666.0,"Baker township, Izard County, Arkansas",065,90087,05
-666666666.0,"Guthrie township, Izard County, Arkansas",065,91572,05
-666666666.0,"Jefferson township, Izard County, Arkansas",065,91926,05
-666666666.0,"Claiborne township, Izard County, Arkansas",065,90798,05
-666666666.0,"Drytown township, Izard County, Arkansas",065,91149,05
-666666666.0,"Strawberry township, Izard County, Arkansas",065,93501,05
-666666666.0,"White River township, Izard County, Arkansas",065,94014,05
-666666666.0,"Athens township, Izard County, Arkansas",065,90072,05
-666666666.0,"Sage township, Izard County, Arkansas",065,93264,05
-666666666.0,"Violet Hill township, Izard County, Arkansas",065,93816,05
-666666666.0,"New Hope township, Izard County, Arkansas",065,92679,05
-666666666.0,"Pleasant Hill township, Izard County, Arkansas",065,92916,05
-666666666.0,"Lafferty township, Izard County, Arkansas",065,92079,05
-666666666.0,"Mount Olive township, Izard County, Arkansas",065,92622,05
-666666666.0,"Barren Fork township, Izard County, Arkansas",065,90129,05
-666666666.0,"Lunenburg township, Izard County, Arkansas",065,92301,05
-666666666.0,"Gid township, Izard County, Arkansas",065,91452,05
-666666666.0,"Guion township, Izard County, Arkansas",065,91557,05
-666666666.0,"Franklin township, Izard County, Arkansas",065,91353,05
-666666666.0,"Newburg township, Izard County, Arkansas",065,92673,05
-666666666.0,"Lacrosse township, Izard County, Arkansas",065,92061,05
-666666666.0,"Hill township, Independence County, Arkansas",063,91725,05
-666666666.0,"Ashley township, Independence County, Arkansas",063,90069,05
-666666666.0,"Barren township, Independence County, Arkansas",063,90123,05
-666666666.0,"Washington township, Independence County, Arkansas",063,93915,05
-666666666.0,"Magness township, Independence County, Arkansas",063,92346,05
-666666666.0,"Ruddell township, Independence County, Arkansas",063,93249,05
-666666666.0,"Departee township, Independence County, Arkansas",063,91074,05
-666666666.0,"Huff township, Independence County, Arkansas",063,91794,05
-666666666.0,"Relief township, Independence County, Arkansas",063,93111,05
-666666666.0,"White River township, Independence County, Arkansas",063,94011,05
-666666666.0,"Saline township, Cleveland County, Arkansas",025,93297,05
-666666666.0,"Redland township, Cleveland County, Arkansas",025,93069,05
-666666666.0,"Bryan township, Jackson County, Arkansas",067,90516,05
-666666666.0,"Glass township, Jackson County, Arkansas",067,91470,05
22383.0,"Union township, Jackson County, Arkansas",067,93696,05
-666666666.0,"Bird township, Jackson County, Arkansas",067,90315,05
-666666666.0,"Rowell township, Cleveland County, Arkansas",025,93243,05
18526.0,"Rison township, Cleveland County, Arkansas",025,93183,05
-666666666.0,"Bowman township, Cleveland County, Arkansas",025,90438,05
-666666666.0,"Harper township, Cleveland County, Arkansas",025,91611,05
46196.0,"Niven township, Cleveland County, Arkansas",025,92691,05
-666666666.0,"White Oak township, Cleveland County, Arkansas",025,94002,05
-666666666.0,"Hurricane township, Cleveland County, Arkansas",025,91800,05
-666666666.0,"Smith township, Cleveland County, Arkansas",025,93405,05
-666666666.0,"Whiteville township, Cleveland County, Arkansas",025,94038,05
-666666666.0,"Hudgin township, Cleveland County, Arkansas",025,91785,05
-666666666.0,"Breckenridge township, Jackson County, Arkansas",067,90459,05
-666666666.0,"Grubbs township, Jackson County, Arkansas",067,91554,05
-666666666.0,"Bateman township, Jackson County, Arkansas",067,90147,05
-666666666.0,"Cache township, Jackson County, Arkansas",067,90579,05
-666666666.0,"Village township, Jackson County, Arkansas",067,93804,05
-666666666.0,"Cow Lake township, Jackson County, Arkansas",067,90948,05
-666666666.0,"Richwoods township, Jackson County, Arkansas",067,93165,05
-666666666.0,"Glaize township, Jackson County, Arkansas",067,91467,05
-666666666.0,"Jefferson township, Jackson County, Arkansas",067,91929,05
-666666666.0,"Barren township, Jackson County, Arkansas",067,90126,05
40417.0,"Wallaceburg township, Hempstead County, Arkansas",057,93849,05
47647.0,"Bois d'Arc township, Hempstead County, Arkansas",057,90396,05
-666666666.0,"Mine Creek township, Hempstead County, Arkansas",057,92499,05
-666666666.0,"Noland township, Hempstead County, Arkansas",057,92700,05
-666666666.0,"Redland township, Hempstead County, Arkansas",057,93072,05
-666666666.0,"Garland township, Hempstead County, Arkansas",057,91431,05
-666666666.0,"Springhill township, Hempstead County, Arkansas",057,93474,05
50833.0,"Water Creek township, Hempstead County, Arkansas",057,93942,05
-666666666.0,"Bodcaw township, Hempstead County, Arkansas",057,90387,05
29938.0,"De Roan township, Hempstead County, Arkansas",057,91077,05
21213.0,"Saline township, Hempstead County, Arkansas",057,93303,05
35588.0,"Ozan township, Hempstead County, Arkansas",057,92802,05
-666666666.0,"Strawberry township, Sharp County, Arkansas",135,93507,05
-666666666.0,"Richwoods township, Sharp County, Arkansas",135,93174,05
-666666666.0,"Highland township, Sharp County, Arkansas",135,91719,05
-666666666.0,"Jackson township, Sharp County, Arkansas",135,91881,05
-666666666.0,"Lower North township, Sharp County, Arkansas",135,92286,05
-666666666.0,"South Union township, Sharp County, Arkansas",135,93441,05
-666666666.0,"Salado township, Independence County, Arkansas",063,93285,05
-666666666.0,"Davidson township, Sharp County, Arkansas",135,91029,05
-666666666.0,"Dota township, Independence County, Arkansas",063,91128,05
-666666666.0,"McHue township, Independence County, Arkansas",063,92313,05
-666666666.0,"Liberty township, Independence County, Arkansas",063,92169,05
-666666666.0,"Oil Trough township, Independence County, Arkansas",063,92739,05
-666666666.0,"Fairview township, Independence County, Arkansas",063,91272,05
-666666666.0,"Gainsboro township, Independence County, Arkansas",063,91401,05
-666666666.0,"Jefferson township, Independence County, Arkansas",063,91923,05
-666666666.0,"Greenbrier township, Independence County, Arkansas",063,91509,05
-666666666.0,"Lone Pine township, Lincoln County, Arkansas",079,92262,05
-666666666.0,"Moorefield township, Independence County, Arkansas",063,92550,05
-666666666.0,"Rosie township, Independence County, Arkansas",063,93234,05
18000.0,"Spring township, Lincoln County, Arkansas",079,93453,05
-666666666.0,"Kimbrough township, Lincoln County, Arkansas",079,92043,05
34583.0,"Bartholomew township, Lincoln County, Arkansas",079,90135,05
24728.0,"Cane Creek township, Lincoln County, Arkansas",079,90639,05
20096.0,"Gould township, Lincoln County, Arkansas",079,91488,05
-666666666.0,"Smith township, Lincoln County, Arkansas",079,93414,05
13667.0,"Choctaw township, Lincoln County, Arkansas",079,90786,05
-666666666.0,"Auburn township, Lincoln County, Arkansas",079,90075,05
-666666666.0,"Wells Bayou township, Lincoln County, Arkansas",079,93963,05
-666666666.0,"Mill Creek township, Lincoln County, Arkansas",079,92478,05
-666666666.0,"Owen township, Lincoln County, Arkansas",079,92793,05
-666666666.0,"Clark township, Logan County, Arkansas",083,90807,05
-666666666.0,"Ellsworth township, Logan County, Arkansas",083,91230,05
-666666666.0,"River township, Logan County, Arkansas",083,93195,05
-666666666.0,"Six Mile township, Logan County, Arkansas",083,93390,05
-666666666.0,"Boone township, Logan County, Arkansas",083,90405,05
-666666666.0,"Mountain township, Logan County, Arkansas",083,92598,05
-666666666.0,"Petit Jean township, Logan County, Arkansas",083,92859,05
-666666666.0,"Shoal Creek township, Logan County, Arkansas",083,93366,05
-666666666.0,"Driggs township, Logan County, Arkansas",083,91140,05
-666666666.0,"Johnson township, Logan County, Arkansas",083,91977,05
-666666666.0,"Washburn township, Logan County, Arkansas",083,93894,05
-666666666.0,"Reveilee township, Logan County, Arkansas",083,93114,05
-666666666.0,"South Lebanon township, Sharp County, Arkansas",135,93438,05
-666666666.0,"Upper North township, Sharp County, Arkansas",135,93744,05
-666666666.0,"South Big Rock township, Sharp County, Arkansas",135,93426,05
-666666666.0,"Washington township, Sharp County, Arkansas",135,93927,05
-666666666.0,"North Union township, Sharp County, Arkansas",135,92721,05
-666666666.0,"Piney Fork township, Sharp County, Arkansas",135,92907,05
-666666666.0,"Big Creek township, Sharp County, Arkansas",135,90282,05
-666666666.0,"Cave township, Sharp County, Arkansas",135,90705,05
-666666666.0,"North Big Rock township, Sharp County, Arkansas",135,92706,05
-666666666.0,"West Sullivan township, Sharp County, Arkansas",135,93975,05
-666666666.0,"Morgan township, Sharp County, Arkansas",135,92565,05
-666666666.0,"Cherokee township, Sharp County, Arkansas",135,90768,05
-666666666.0,"Lave Creek township, Sharp County, Arkansas",135,92124,05
-666666666.0,"Hardy township, Sharp County, Arkansas",135,91605,05
-666666666.0,"Ozark township, Sharp County, Arkansas",135,92808,05
-666666666.0,"Scott township, Sharp County, Arkansas",135,93336,05
-666666666.0,"North Lebanon township, Sharp County, Arkansas",135,92718,05
-666666666.0,"Jones township, Stone County, Arkansas",137,92001,05
-666666666.0,"Smart township, Stone County, Arkansas",137,93402,05
-666666666.0,"Union township, Stone County, Arkansas",137,93726,05
-666666666.0,"Optimus township, Stone County, Arkansas",137,92764,05
-666666666.0,"Timbo township, Stone County, Arkansas",137,93609,05
-666666666.0,"Wilson township, Stone County, Arkansas",137,94092,05
-666666666.0,"Red River township, Stone County, Arkansas",137,93090,05
-666666666.0,"Red Stripe township, Stone County, Arkansas",137,93099,05
-666666666.0,"Flag township, Stone County, Arkansas",137,91296,05
-666666666.0,"Blue Mountain township, Stone County, Arkansas",137,90366,05
-666666666.0,"Farris township, Stone County, Arkansas",137,91275,05
-666666666.0,"Locust Grove township, Stone County, Arkansas",137,92244,05
-666666666.0,"Franklin township, Stone County, Arkansas",137,91362,05
-666666666.0,"Harris township, Stone County, Arkansas",137,91614,05
-666666666.0,"Liberty township, Stone County, Arkansas",137,92187,05
-666666666.0,"Marcella township, Stone County, Arkansas",137,92374,05
-666666666.0,"Sylamore township, Stone County, Arkansas",137,93567,05
-666666666.0,"Northwest township, Stone County, Arkansas",137,92724,05
-666666666.0,"Richwoods township, Stone County, Arkansas",137,93177,05
-666666666.0,"Washington township, Stone County, Arkansas",137,93930,05
-666666666.0,"Blue Mountain township, Logan County, Arkansas",083,90363,05
-666666666.0,"Roseville township, Logan County, Arkansas",083,93231,05
-666666666.0,"Sugar Creek township, Logan County, Arkansas",083,93519,05
-666666666.0,"Cane Creek township, Logan County, Arkansas",083,90642,05
-666666666.0,"Short Mountain township, Logan County, Arkansas",083,93372,05
-666666666.0,"Cauthron township, Logan County, Arkansas",083,90699,05
-666666666.0,"Logan township, Logan County, Arkansas",083,92256,05
-666666666.0,"Barber township, Logan County, Arkansas",083,90108,05
-666666666.0,"Delaware township, Logan County, Arkansas",083,91053,05
-666666666.0,"Simpson township, Grant County, Arkansas",053,93384,05
-666666666.0,"Tennessee township, Grant County, Arkansas",053,93591,05
-666666666.0,"Calvert township, Grant County, Arkansas",053,90624,05
-666666666.0,"Darysaw township, Grant County, Arkansas",053,91023,05
-666666666.0,"Merry Green township, Grant County, Arkansas",053,92451,05
-666666666.0,"Dekalb township, Grant County, Arkansas",053,91050,05
35905.0,"Springdale township, Washington County, Arkansas",143,93465,05
-666666666.0,"Starr Hill township, Washington County, Arkansas",143,93486,05
-666666666.0,"Wedington township, Washington County, Arkansas",143,93957,05
-666666666.0,"Boston township, Washington County, Arkansas",143,90420,05
-666666666.0,"Dutch Mills township, Washington County, Arkansas",143,91170,05
-666666666.0,"Morrow township, Washington County, Arkansas",143,92577,05
28639.0,"Fayetteville township, Washington County, Arkansas",143,91283,05
-666666666.0,"Goshen township, Washington County, Arkansas",143,91485,05
-666666666.0,"Johnson township, Washington County, Arkansas",143,91989,05
-666666666.0,"Vineyard township, Washington County, Arkansas",143,93813,05
-666666666.0,"Wheeler township, Washington County, Arkansas",143,93985,05
-666666666.0,"Cane Hill township, Washington County, Arkansas",143,90645,05
-666666666.0,"Wyman township, Washington County, Arkansas",143,94122,05
-666666666.0,"Elkins township, Washington County, Arkansas",143,91225,05
-666666666.0,"Richland township, Washington County, Arkansas",143,93156,05
-666666666.0,"White River township, Washington County, Arkansas",143,94026,05
86063.0,"Greenland township, Washington County, Arkansas",143,91521,05
-666666666.0,"Lees Creek township, Washington County, Arkansas",143,92148,05
-666666666.0,"Harmon township, Washington County, Arkansas",143,91608,05
-666666666.0,"Valley township, Washington County, Arkansas",143,93768,05
-666666666.0,"Donald township, Franklin County, Arkansas",047,91123,05
-666666666.0,"Hurricane township, Franklin County, Arkansas",047,91803,05
-666666666.0,"White Rock township, Franklin County, Arkansas",047,94032,05
-666666666.0,"Wallace township, Franklin County, Arkansas",047,93840,05
-666666666.0,"Prairie township, Franklin County, Arkansas",047,92988,05
-666666666.0,"Black Oak township, Franklin County, Arkansas",047,90336,05
-666666666.0,"Wittich township, Franklin County, Arkansas",047,94107,05
-666666666.0,"Myatt township, Fulton County, Arkansas",049,92658,05
-666666666.0,"Union township, Fulton County, Arkansas",049,93681,05
-666666666.0,"Vidette township, Fulton County, Arkansas",049,93798,05
-666666666.0,"Afton township, Fulton County, Arkansas",049,90006,05
-666666666.0,"Hasty township, Newton County, Arkansas",101,91641,05
-666666666.0,"Grove township, Newton County, Arkansas",101,91545,05
-666666666.0,"White township, Newton County, Arkansas",101,93990,05
-666666666.0,"Marble Falls township, Newton County, Arkansas",101,92373,05
-666666666.0,"Jefferson township, Newton County, Arkansas",101,91941,05
-666666666.0,"Jones township, Newton County, Arkansas",101,91995,05
-666666666.0,"Low Gap township, Newton County, Arkansas",101,92295,05
-666666666.0,"Plumlee township, Newton County, Arkansas",101,92928,05
-666666666.0,"Ponca township, Newton County, Arkansas",101,92958,05
-666666666.0,"Richland township, Newton County, Arkansas",101,93150,05
-666666666.0,"Osage township, Newton County, Arkansas",101,92772,05
-666666666.0,"Barton township, Arkansas County, Arkansas",001,90138,05
26268.0,"Gum Pond township, Arkansas County, Arkansas",001,91563,05
-666666666.0,"Garland township, Arkansas County, Arkansas",001,91425,05
-666666666.0,"McFall township, Arkansas County, Arkansas",001,92307,05
-666666666.0,"Mill Bayou township, Arkansas County, Arkansas",001,92466,05
-666666666.0,"Crockett township, Arkansas County, Arkansas",001,90963,05
-666666666.0,"Morris township, Arkansas County, Arkansas",001,92574,05
-666666666.0,"Point Deluce township, Arkansas County, Arkansas",001,92937,05
-666666666.0,"Arkansas township, Arkansas County, Arkansas",001,90060,05
-666666666.0,"Chester township, Arkansas County, Arkansas",001,90774,05
-666666666.0,"Bayou Meto township, Arkansas County, Arkansas",001,90168,05
-666666666.0,"Keaton township, Arkansas County, Arkansas",001,92010,05
-666666666.0,"Prairie township, Arkansas County, Arkansas",001,92973,05
26563.0,"Stanley township, Arkansas County, Arkansas",001,93483,05
26154.0,"La Grue township, Arkansas County, Arkansas",001,92085,05
-666666666.0,"Henton township, Arkansas County, Arkansas",001,91668,05
-666666666.0,"Brewer township, Arkansas County, Arkansas",001,90462,05
-666666666.0,"Richland township, Little River County, Arkansas",081,93141,05
-666666666.0,"Arden township, Little River County, Arkansas",081,90057,05
-666666666.0,"Wallace township, Little River County, Arkansas",081,93843,05
-666666666.0,"Burke township, Little River County, Arkansas",081,90555,05
-666666666.0,"Caney township, Little River County, Arkansas",081,90648,05
45563.0,"Cleveland township, Little River County, Arkansas",081,90858,05
16202.0,"Jackson township, Little River County, Arkansas",081,91863,05
-666666666.0,"Arkinda township, Little River County, Arkansas",081,90063,05
19422.0,"Jefferson township, Little River County, Arkansas",081,91935,05
-666666666.0,"Bedford township, Cross County, Arkansas",037,90204,05
-666666666.0,"Nelson township, Clay County, Arkansas",021,92667,05
-666666666.0,"Johnson township, Clay County, Arkansas",021,91971,05
-666666666.0,"Ellis township, Cross County, Arkansas",037,91227,05
-666666666.0,"Mitchell township, Cross County, Arkansas",037,92526,05
-666666666.0,"Smith township, Cross County, Arkansas",037,93408,05
-666666666.0,"Brushy Lake township, Cross County, Arkansas",037,90504,05
-666666666.0,"Fair Oaks township, Cross County, Arkansas",037,91266,05
24095.0,"Tyronza township, Cross County, Arkansas",037,93657,05
27556.0,"Wynne township, Cross County, Arkansas",037,94125,05
-666666666.0,"Coldwater township, Cross County, Arkansas",037,90894,05
-666666666.0,"Hickory Ridge township, Cross County, Arkansas",037,91701,05
-666666666.0,"Searcy township, Cross County, Arkansas",037,93339,05
-666666666.0,"Smith township, Dallas County, Arkansas",039,93411,05
-666666666.0,"Willow township, Dallas County, Arkansas",039,94071,05
36500.0,"Owen township, Dallas County, Arkansas",039,92790,05
30813.0,"Fordyce township, Dallas County, Arkansas",039,91317,05
2499.0,"Manchester township, Dallas County, Arkansas",039,92364,05
-666666666.0,"Nix township, Dallas County, Arkansas",039,92697,05
-666666666.0,"Liberty township, Dallas County, Arkansas",039,92166,05
23239.0,"Dry Run township, Dallas County, Arkansas",039,91146,05
-666666666.0,"Princeton township, Dallas County, Arkansas",039,93030,05
-666666666.0,"Southall township, Dallas County, Arkansas",039,93423,05
-666666666.0,"Bunn township, Dallas County, Arkansas",039,90546,05
-666666666.0,"Strawberry township, Fulton County, Arkansas",049,93498,05
-666666666.0,"Big Creek township, Fulton County, Arkansas",049,90258,05
-666666666.0,"Pleasant Ridge township, Fulton County, Arkansas",049,92922,05
-666666666.0,"Current River township, Randolph County, Arkansas",121,90990,05
-666666666.0,"Foster township, Randolph County, Arkansas",121,91323,05
-666666666.0,"Baker township, Randolph County, Arkansas",121,90093,05
-666666666.0,"Columbia township, Randolph County, Arkansas",121,90909,05
-666666666.0,"Spring River township, Randolph County, Arkansas",121,93480,05
-666666666.0,"Warm Springs township, Randolph County, Arkansas",121,93891,05
-666666666.0,"Jackson township, Randolph County, Arkansas",121,91878,05
-666666666.0,"Ingram township, Randolph County, Arkansas",121,91833,05
-666666666.0,"Smith township, Saline County, Arkansas",125,93417,05
-666666666.0,"Newcomb township, Saline County, Arkansas",125,92676,05
-666666666.0,"Fairplay township, Saline County, Arkansas",125,91269,05
-666666666.0,"Kentucky township, Saline County, Arkansas",125,92034,05
-666666666.0,"Holland township, Saline County, Arkansas",125,91743,05
-666666666.0,"Shaw township, Saline County, Arkansas",125,93354,05
-666666666.0,"Union township, Saline County, Arkansas",125,93723,05
37625.0,"Bauxite township, Saline County, Arkansas",125,90153,05
-666666666.0,"Salem township, Saline County, Arkansas",125,93291,05
-666666666.0,"Dyer township, Saline County, Arkansas",125,91179,05
-666666666.0,"Marble township, Saline County, Arkansas",125,92370,05
-666666666.0,"Beaver township, Saline County, Arkansas",125,90198,05
-666666666.0,"Liberty township, Saline County, Arkansas",125,92184,05
61875.0,"Otter township, Saline County, Arkansas",125,92775,05
65417.0,"Banner township, Saline County, Arkansas",125,90105,05
-666666666.0,"Haskell township, Saline County, Arkansas",125,91638,05
-666666666.0,"Hurricane township, Saline County, Arkansas",125,91809,05
62982.0,"Owen township, Saline County, Arkansas",125,92799,05
-666666666.0,"Hogan township, Franklin County, Arkansas",047,91740,05
-666666666.0,"Ivy township, Franklin County, Arkansas",047,91845,05
-666666666.0,"Mill Creek township, Franklin County, Arkansas",047,92472,05
-666666666.0,"Walker township, Franklin County, Arkansas",047,93828,05
-666666666.0,"Barham township, Franklin County, Arkansas",047,90111,05
-666666666.0,"Limestone township, Franklin County, Arkansas",047,92205,05
-666666666.0,"White Oak township, Franklin County, Arkansas",047,94005,05
-666666666.0,"Boston township, Franklin County, Arkansas",047,90411,05
-666666666.0,"Cravens township, Franklin County, Arkansas",047,90954,05
-666666666.0,"McIlroy township, Franklin County, Arkansas",047,92316,05
-666666666.0,"Middle township, Franklin County, Arkansas",047,92454,05
-666666666.0,"Shores township, Franklin County, Arkansas",047,93369,05
-666666666.0,"Six Mile township, Franklin County, Arkansas",047,93387,05
-666666666.0,"Alix township, Franklin County, Arkansas",047,90021,05
-666666666.0,"Miller township, Franklin County, Arkansas",047,92496,05
-666666666.0,"Grover township, Franklin County, Arkansas",047,91551,05
-666666666.0,"Mulberry township, Franklin County, Arkansas",047,92649,05
-666666666.0,"Watalula township, Franklin County, Arkansas",047,93936,05
52604.0,"California township, Faulkner County, Arkansas",045,90618,05
-666666666.0,"Clifton township, Faulkner County, Arkansas",045,90876,05
-666666666.0,"Hardin township, Faulkner County, Arkansas",045,91599,05
-666666666.0,"Matthews township, Faulkner County, Arkansas",045,92427,05
41000.0,"Danley township, Faulkner County, Arkansas",045,91014,05
-666666666.0,"Benton township, Faulkner County, Arkansas",045,90240,05
-666666666.0,"Benedict township, Faulkner County, Arkansas",045,90225,05
-666666666.0,"Cypress township, Faulkner County, Arkansas",045,91002,05
-666666666.0,"Harve township, Faulkner County, Arkansas",045,91635,05
32103.0,"Cadron township, Faulkner County, Arkansas",045,90600,05
-666666666.0,"Newton township, Faulkner County, Arkansas",045,92685,05
-666666666.0,"Eagle township, Faulkner County, Arkansas",045,91188,05
-666666666.0,"Mount Vernon township, Faulkner County, Arkansas",045,92637,05
-666666666.0,"Rheas Mill township, Washington County, Arkansas",143,93123,05
-666666666.0,"Durham township, Washington County, Arkansas",143,91164,05
-666666666.0,"Center township, Washington County, Arkansas",143,90744,05
-666666666.0,"Greenwood township, Baxter County, Arkansas",005,91524,05
-666666666.0,"Logan township, Baxter County, Arkansas",005,92247,05
-666666666.0,"North Fork township, Baxter County, Arkansas",005,92709,05
-666666666.0,"Buckhorn township, Baxter County, Arkansas",005,90525,05
-666666666.0,"Bayou township, Baxter County, Arkansas",005,90165,05
-666666666.0,"Independence township, Baxter County, Arkansas",005,91818,05
-666666666.0,"Pigeon township, Baxter County, Arkansas",005,92877,05
-666666666.0,"Mountain Home township, Baxter County, Arkansas",005,92616,05
-666666666.0,"Union township, Baxter County, Arkansas",005,93669,05
-666666666.0,"Matney township, Baxter County, Arkansas",005,92424,05
-666666666.0,"Mill township, Baxter County, Arkansas",005,92460,05
-666666666.0,"Big Flat township, Baxter County, Arkansas",005,90288,05
-666666666.0,"Buford township, Baxter County, Arkansas",005,90540,05
-666666666.0,"Lone Rock township, Baxter County, Arkansas",005,92265,05
-666666666.0,"Whiteville township, Baxter County, Arkansas",005,94035,05
-666666666.0,"Grover township, Baxter County, Arkansas",005,91548,05
-666666666.0,"Beech Creek township, Ashley County, Arkansas",003,90210,05
-666666666.0,"Longview township, Ashley County, Arkansas",003,92277,05
-666666666.0,"Bayou township, Ashley County, Arkansas",003,90162,05
30644.0,"Mill Creek township, Ashley County, Arkansas",003,92469,05
16792.0,"Wilmot township, Ashley County, Arkansas",003,94077,05
-666666666.0,"Extra township, Ashley County, Arkansas",003,91263,05
-666666666.0,"Bearhouse township, Ashley County, Arkansas",003,90183,05
-666666666.0,"Banner township, Ashley County, Arkansas",003,90102,05
25714.0,"Montrose township, Ashley County, Arkansas",003,92541,05
17031.0,"Portland township, Ashley County, Arkansas",003,92964,05
-666666666.0,"Prairie township, Ashley County, Arkansas",003,92976,05
12635.0,"Carter township, Ashley County, Arkansas",003,90687,05
-666666666.0,"Union township, Ashley County, Arkansas",003,93666,05
-666666666.0,"Elon township, Ashley County, Arkansas",003,91239,05
-666666666.0,"White township, Ashley County, Arkansas",003,93987,05
-666666666.0,"De Bastrop township, Ashley County, Arkansas",003,91044,05
16623.0,"Egypt township, Ashley County, Arkansas",003,91212,05
-666666666.0,"Mountain township, Faulkner County, Arkansas",045,92589,05
-666666666.0,"Palarm township, Faulkner County, Arkansas",045,92814,05
-666666666.0,"Union township, Faulkner County, Arkansas",045,93678,05
-666666666.0,"Wilson township, Faulkner County, Arkansas",045,94083,05
-666666666.0,"Enola township, Faulkner County, Arkansas",045,91251,05
41202.0,"Pine Mountain township, Faulkner County, Arkansas",045,92892,05
35500.0,"Walker township, Faulkner County, Arkansas",045,93825,05
-666666666.0,"Bristol township, Faulkner County, Arkansas",045,90483,05
-666666666.0,"Self Creek township, Pike County, Arkansas",109,93345,05
-666666666.0,"Missouri township, Pike County, Arkansas",109,92523,05
-666666666.0,"Wolf Creek township, Pike County, Arkansas",109,94110,05
-666666666.0,"Brewer township, Pike County, Arkansas",109,90468,05
-666666666.0,"Mountain township, Pike County, Arkansas",109,92601,05
-666666666.0,"Pike City township, Pike County, Arkansas",109,92880,05
-666666666.0,"Saline township, Pike County, Arkansas",109,93312,05
-666666666.0,"Antoine township, Pike County, Arkansas",109,90045,05
-666666666.0,"Muddy Fork township, Pike County, Arkansas",109,92646,05
-666666666.0,"Thompson township, Pike County, Arkansas",109,93606,05
-666666666.0,"Eagle township, Pike County, Arkansas",109,91194,05
-666666666.0,"Clark township, Pike County, Arkansas",109,90810,05
-666666666.0,"White township, Pike County, Arkansas",109,93993,05
-666666666.0,"Talladega township, Jefferson County, Arkansas",069,93570,05
-666666666.0,"Victoria township, Jefferson County, Arkansas",069,93795,05
27500.0,"Plum Bayou township, Jefferson County, Arkansas",069,92925,05
38056.0,"Washington township, Jefferson County, Arkansas",069,93918,05
-666666666.0,"Pastoria township, Jefferson County, Arkansas",069,92832,05
-666666666.0,"Roberts township, Jefferson County, Arkansas",069,93210,05
-666666666.0,"Old River township, Jefferson County, Arkansas",069,92748,05
23750.0,"Dunnington township, Jefferson County, Arkansas",069,91161,05
62153.0,"Niven township, Jefferson County, Arkansas",069,92694,05
22024.0,"Richland township, Jefferson County, Arkansas",069,93135,05
-666666666.0,"Bogy township, Jefferson County, Arkansas",069,90390,05
15694.0,"Dudley Lake township, Jefferson County, Arkansas",069,91155,05
-666666666.0,"Jefferson township, Jefferson County, Arkansas",069,91932,05
-666666666.0,"Spring township, Jefferson County, Arkansas",069,93450,05
30093.0,"Vaugine township, Jefferson County, Arkansas",069,93783,05
-666666666.0,"Greenfield township, Craighead County, Arkansas",031,91512,05
-666666666.0,"Lester township, Craighead County, Arkansas",031,92154,05
25409.0,"Jonesboro township, Craighead County, Arkansas",031,92004,05
-666666666.0,"Texas township, Craighead County, Arkansas",031,93597,05
-666666666.0,"Powell township, Craighead County, Arkansas",031,92970,05
-666666666.0,"Promised Land township, Craighead County, Arkansas",031,93036,05
29013.0,"Nettleton township, Craighead County, Arkansas",031,92670,05
-666666666.0,"Maumelle township, Craighead County, Arkansas",031,92433,05
-666666666.0,"Lancaster township, Crawford County, Arkansas",033,92112,05
-666666666.0,"Chester township, Crawford County, Arkansas",033,90777,05
-666666666.0,"Cove City township, Crawford County, Arkansas",033,90942,05
-666666666.0,"Mountainburg township, Crawford County, Arkansas",033,92614,05
-666666666.0,"Dora township, Crawford County, Arkansas",033,91124,05
-666666666.0,"Alma township, Crawford County, Arkansas",033,90024,05
-666666666.0,"Dean Springs township, Crawford County, Arkansas",033,91043,05
-666666666.0,"Kibler township, Crawford County, Arkansas",033,92039,05
-666666666.0,"Vine Prairie township, Crawford County, Arkansas",033,93810,05
-666666666.0,"Whitley township, Crawford County, Arkansas",033,94044,05
13750.0,"Palestine township, Bradley County, Arkansas",011,92817,05
26034.0,"Pennington township, Bradley County, Arkansas",011,92844,05
16429.0,"Washington township, Bradley County, Arkansas",011,93903,05
26042.0,"Clay township, Bradley County, Arkansas",011,90819,05
-666666666.0,"River township, Bradley County, Arkansas",011,93186,05
-666666666.0,"Moro township, Bradley County, Arkansas",011,92568,05
-666666666.0,"Ashland township, Lawrence County, Arkansas",075,90066,05
-666666666.0,"Campbell township, Lawrence County, Arkansas",075,90627,05
-666666666.0,"Flat Creek township, Lawrence County, Arkansas",075,91299,05
-666666666.0,"Morgan township, Lawrence County, Arkansas",075,92562,05
-666666666.0,"Strawberry township, Lawrence County, Arkansas",075,93504,05
-666666666.0,"Thacker township, Lawrence County, Arkansas",075,93603,05
-666666666.0,"Prairie township, Craighead County, Arkansas",031,92985,05
-666666666.0,"Herndon township, Craighead County, Arkansas",031,91674,05
-666666666.0,"Taylor township, Craighead County, Arkansas",031,93582,05
-666666666.0,"Black Oak township, Craighead County, Arkansas",031,90330,05
-666666666.0,"Brookland township, Craighead County, Arkansas",031,90489,05
-666666666.0,"Big Creek township, Craighead County, Arkansas",031,90255,05
-666666666.0,"Gilkerson township, Craighead County, Arkansas",031,91461,05
-666666666.0,"Little Texas township, Craighead County, Arkansas",031,92232,05
-666666666.0,"Buffalo township, Craighead County, Arkansas",031,90534,05
-666666666.0,"Union township, Greene County, Arkansas",055,93687,05
-666666666.0,"Lake City township, Craighead County, Arkansas",031,92097,05
-666666666.0,"Bryan township, Greene County, Arkansas",055,90510,05
-666666666.0,"Clark township, Greene County, Arkansas",055,90804,05
-666666666.0,"Reynolds township, Greene County, Arkansas",055,93120,05
-666666666.0,"Salem township, Greene County, Arkansas",055,93288,05
-666666666.0,"Walnut Corner township, Greene County, Arkansas",055,93867,05
-666666666.0,"Evening Shade township, Greene County, Arkansas",055,91257,05
-666666666.0,"Jones township, Greene County, Arkansas",055,91992,05
-666666666.0,"Blue Cane township, Greene County, Arkansas",055,90360,05
-666666666.0,"Spring Grove township, Greene County, Arkansas",055,93468,05
-666666666.0,"Hays township, Greene County, Arkansas",055,91644,05
-666666666.0,"Hurricane township, Greene County, Arkansas",055,91806,05
-666666666.0,"Lake township, Greene County, Arkansas",055,92088,05
-666666666.0,"Cache township, Greene County, Arkansas",055,90576,05
-666666666.0,"Collier township, Greene County, Arkansas",055,90903,05
-666666666.0,"Crowley township, Greene County, Arkansas",055,90984,05
-666666666.0,"Friendship township, Greene County, Arkansas",055,91389,05
-666666666.0,"Breckenridge township, Greene County, Arkansas",055,90456,05
-666666666.0,"Hopewell township, Greene County, Arkansas",055,91764,05
-666666666.0,"Washita township, Montgomery County, Arkansas",097,93934,05
-666666666.0,"Barraque township, Jefferson County, Arkansas",069,90120,05
43750.0,"Melton township, Jefferson County, Arkansas",069,92448,05
-666666666.0,"Villemont township, Jefferson County, Arkansas",069,93807,05
-666666666.0,"Bolivar township, Jefferson County, Arkansas",069,90399,05
63472.0,"Whiteville township, Jefferson County, Arkansas",069,94041,05
-666666666.0,"Pencil Bluff township, Montgomery County, Arkansas",097,92841,05
-666666666.0,"Main Shore township, Greene County, Arkansas",055,92358,05
-666666666.0,"St. Francis township, Greene County, Arkansas",055,93270,05
-666666666.0,"Sugar Creek township, Greene County, Arkansas",055,93516,05
-666666666.0,"Poland township, Greene County, Arkansas",055,92940,05
-666666666.0,"Shady Grove township, Greene County, Arkansas",055,93348,05
23261.0,"Baker township, Lafayette County, Arkansas",073,90090,05
-666666666.0,"Russell township, Lafayette County, Arkansas",073,93258,05
2499.0,"La Grange township, Lafayette County, Arkansas",073,92082,05
12386.0,"Roane township, Lafayette County, Arkansas",073,93201,05
-666666666.0,"Walker Creek township, Lafayette County, Arkansas",073,93834,05
-666666666.0,"Mars Hill township, Lafayette County, Arkansas",073,92409,05
-666666666.0,"French township, Lafayette County, Arkansas",073,91386,05
23684.0,"Steel township, Lafayette County, Arkansas",073,93489,05
-666666666.0,"Rose Creek township, Perry County, Arkansas",105,93228,05
25208.0,"Hadley township, Lafayette County, Arkansas",073,91578,05
-666666666.0,"Fourche Lafave township, Perry County, Arkansas",105,91326,05
-666666666.0,"Petit Jean township, Perry County, Arkansas",105,92862,05
-666666666.0,"Kenney township, Perry County, Arkansas",105,92022,05
-666666666.0,"Union township, Perry County, Arkansas",105,93714,05
-666666666.0,"Rankin township, Perry County, Arkansas",105,93054,05
-666666666.0,"Aplin township, Perry County, Arkansas",105,90048,05
-666666666.0,"Houston township, Perry County, Arkansas",105,91776,05
-666666666.0,"Perry township, Perry County, Arkansas",105,92850,05
-666666666.0,"Lake township, Perry County, Arkansas",105,92091,05
-666666666.0,"Union Valley township, Perry County, Arkansas",105,93735,05
-666666666.0,"Casa township, Perry County, Arkansas",105,90690,05
-666666666.0,"Cherry Hill township, Perry County, Arkansas",105,90771,05
-666666666.0,"New Tennessee township, Perry County, Arkansas",105,92682,05
-666666666.0,"Maumelle township, Perry County, Arkansas",105,92436,05
-666666666.0,"Wye township, Perry County, Arkansas",105,94119,05
-666666666.0,"Hicksville township, Phillips County, Arkansas",107,91707,05
25550.0,"Mooney township, Phillips County, Arkansas",107,92547,05
16985.0,"St. Francis township, Phillips County, Arkansas",107,93276,05
-666666666.0,"Spring Creek township, Phillips County, Arkansas",107,93462,05
-666666666.0,"Lake township, Phillips County, Arkansas",107,92094,05
-666666666.0,"Parks township, Scott County, Arkansas",127,92829,05
-666666666.0,"Caney township, Montgomery County, Arkansas",097,90651,05
-666666666.0,"Center township, Montgomery County, Arkansas",097,90729,05
-666666666.0,"Keener township, Scott County, Arkansas",127,92012,05
-666666666.0,"Hickman township, Scott County, Arkansas",127,91689,05
-666666666.0,"James township, Scott County, Arkansas",127,91890,05
-666666666.0,"Blansett township, Scott County, Arkansas",127,90348,05
-666666666.0,"Brawley township, Scott County, Arkansas",127,90453,05
-666666666.0,"Cauthron township, Scott County, Arkansas",127,90702,05
-666666666.0,"La Fave township, Scott County, Arkansas",127,92064,05
-666666666.0,"Hon township, Scott County, Arkansas",127,91758,05
-666666666.0,"Mount Pleasant township, Scott County, Arkansas",127,92628,05
-666666666.0,"Lamb township, Scott County, Arkansas",127,92109,05
-666666666.0,"Lewis township, Scott County, Arkansas",127,92160,05
-666666666.0,"Mill Creek township, Scott County, Arkansas",127,92487,05
-666666666.0,"Black Fork township, Scott County, Arkansas",127,90324,05
-666666666.0,"Denton township, Scott County, Arkansas",127,91071,05
-666666666.0,"Little Texas township, Scott County, Arkansas",127,92235,05
-666666666.0,"Mountain township, Scott County, Arkansas",127,92607,05
-666666666.0,"Cedar township, Scott County, Arkansas",127,90714,05
-666666666.0,"Jones township, Scott County, Arkansas",127,91998,05
-666666666.0,"Lafayette township, Scott County, Arkansas",127,92076,05
-666666666.0,"Coal township, Scott County, Arkansas",127,90882,05
-666666666.0,"Hunt township, Scott County, Arkansas",127,91797,05
-666666666.0,"Prairie township, Searcy County, Arkansas",129,93012,05
-666666666.0,"Tate township, Scott County, Arkansas",127,93576,05
-666666666.0,"Oliver township, Scott County, Arkansas",127,92751,05
-666666666.0,"Bear Creek No. 6 township, Searcy County, Arkansas",129,90179,05
-666666666.0,"Spring township, Searcy County, Arkansas",129,93456,05
-666666666.0,"Cleveland township, Phillips County, Arkansas",107,90870,05
-666666666.0,"Cypress township, Phillips County, Arkansas",107,91005,05
18674.0,"Hickory Ridge township, Phillips County, Arkansas",107,91704,05
20848.0,"Hornor township, Phillips County, Arkansas",107,91767,05
85714.0,"Cleburne township, Phillips County, Arkansas",107,90849,05
-666666666.0,"Marion township, Phillips County, Arkansas",107,92391,05
-666666666.0,"Big Creek township, Phillips County, Arkansas",107,90273,05
15069.0,"Tappan township, Phillips County, Arkansas",107,93573,05
21324.0,"Little River township, Poinsett County, Arkansas",111,92229,05
-666666666.0,"Tyronza township, Poinsett County, Arkansas",111,93660,05
19773.0,"Willis township, Poinsett County, Arkansas",111,94068,05
-666666666.0,"Scott township, Poinsett County, Arkansas",111,93333,05
19145.0,"Greenwood township, Poinsett County, Arkansas",111,91527,05
-666666666.0,"Greenfield township, Poinsett County, Arkansas",111,91518,05
-666666666.0,"Owen township, Poinsett County, Arkansas",111,92796,05
-666666666.0,"Bolivar township, Poinsett County, Arkansas",111,90402,05
-666666666.0,"Dobson township, Poinsett County, Arkansas",111,91119,05
-666666666.0,"Lunsford township, Poinsett County, Arkansas",111,92304,05
20682.0,"Bear Creek township, Sevier County, Arkansas",133,90175,05
92577.0,"Paraclifta township, Sevier County, Arkansas",133,92820,05
-666666666.0,"Marion township, Lawrence County, Arkansas",075,92385,05
-666666666.0,"Promised Land township, Lawrence County, Arkansas",075,93039,05
-666666666.0,"Annieville township, Lawrence County, Arkansas",075,90033,05
-666666666.0,"Cache township, Lawrence County, Arkansas",075,90582,05
-666666666.0,"Dent township, Lawrence County, Arkansas",075,91065,05
-666666666.0,"Eaton township, Lawrence County, Arkansas",075,91206,05
-666666666.0,"Reeds Creek township, Lawrence County, Arkansas",075,93108,05
-666666666.0,"Black River township, Lawrence County, Arkansas",075,90342,05
-666666666.0,"Black Rock township, Lawrence County, Arkansas",075,90345,05
-666666666.0,"Boas township, Lawrence County, Arkansas",075,90381,05
-666666666.0,"Lawrence township, Lawrence County, Arkansas",075,92127,05
-666666666.0,"Dowell township, Lawrence County, Arkansas",075,91137,05
-666666666.0,"Richwoods township, Lawrence County, Arkansas",075,93168,05
-666666666.0,"Spring River township, Lawrence County, Arkansas",075,93477,05
-666666666.0,"Jesup township, Lawrence County, Arkansas",075,91959,05
-666666666.0,"Duty township, Lawrence County, Arkansas",075,91173,05
-666666666.0,"Richland township, Monroe County, Arkansas",095,93147,05
17589.0,"Dixon township, Monroe County, Arkansas",095,91118,05
-666666666.0,"Cypress Ridge township, Monroe County, Arkansas",095,91008,05
73750.0,"Greenfield township, Monroe County, Arkansas",095,91515,05
-666666666.0,"Brown township, Monroe County, Arkansas",095,90495,05
36618.0,"Duncan township, Monroe County, Arkansas",095,91158,05
4286.0,"Keevil township, Monroe County, Arkansas",095,92019,05
-666666666.0,"Pine Ridge township, Monroe County, Arkansas",095,92895,05
-666666666.0,"Raymond township, Monroe County, Arkansas",095,93057,05
22885.0,"Bowie township, Chicot County, Arkansas",017,90432,05
29191.0,"L'Anguille township, St. Francis County, Arkansas",123,92118,05
19650.0,"Planters township, Chicot County, Arkansas",017,92913,05
23796.0,"Carlton township, Chicot County, Arkansas",017,90666,05
-666666666.0,"Big Creek township, Hot Spring County, Arkansas",059,90261,05
-666666666.0,"Midway township, Hot Spring County, Arkansas",059,92457,05
-666666666.0,"Brown Springs township, Hot Spring County, Arkansas",059,90498,05
27870.0,"Fenter township, Hot Spring County, Arkansas",059,91290,05
-666666666.0,"Magnet township, Hot Spring County, Arkansas",059,92352,05
-666666666.0,"Valley township, Hot Spring County, Arkansas",059,93756,05
-666666666.0,"Butterfield township, Hot Spring County, Arkansas",059,90567,05
-666666666.0,"Montgomery township, Hot Spring County, Arkansas",059,92535,05
-666666666.0,"Henderson township, Hot Spring County, Arkansas",059,91662,05
-666666666.0,"De Roche township, Hot Spring County, Arkansas",059,91080,05
-666666666.0,"Saline township, Hot Spring County, Arkansas",059,93306,05
-666666666.0,"Dover township, Hot Spring County, Arkansas",059,91131,05
-666666666.0,"Harrison township, Hot Spring County, Arkansas",059,91617,05
-666666666.0,"Lone Hill township, Hot Spring County, Arkansas",059,92259,05
-666666666.0,"Bismarck township, Hot Spring County, Arkansas",059,90318,05
-666666666.0,"Gifford township, Hot Spring County, Arkansas",059,91455,05
-666666666.0,"Clear Creek township, Hot Spring County, Arkansas",059,90837,05
-666666666.0,"Prairie township, Hot Spring County, Arkansas",059,92991,05
-666666666.0,"Ouachita township, Hot Spring County, Arkansas",059,92781,05
-666666666.0,"Hindman township, Monroe County, Arkansas",095,91734,05
-666666666.0,"Jackson township, Monroe County, Arkansas",095,91866,05
-666666666.0,"Cleburne township, Monroe County, Arkansas",095,90846,05
57321.0,"Roc Roe township, Monroe County, Arkansas",095,93216,05
22181.0,"Brinkley township, Monroe County, Arkansas",095,90480,05
-666666666.0,"Montgomery-Smalley township, Monroe County, Arkansas",095,92539,05
18152.0,"Cache township, Monroe County, Arkansas",095,90585,05
-666666666.0,"Cove township, Polk County, Arkansas",113,90936,05
-666666666.0,"Potter township, Polk County, Arkansas",113,92967,05
-666666666.0,"Eagle township, Polk County, Arkansas",113,91197,05
-666666666.0,"Freedom township, Polk County, Arkansas",113,91374,05
-666666666.0,"Faulkner township, Polk County, Arkansas",113,91278,05
-666666666.0,"Gap Springs township, Polk County, Arkansas",113,91416,05
-666666666.0,"Mountain township, Polk County, Arkansas",113,92604,05
-666666666.0,"Ozark township, Polk County, Arkansas",113,92805,05
-666666666.0,"Big Fork township, Polk County, Arkansas",113,90294,05
-666666666.0,"Fulton township, Polk County, Arkansas",113,91395,05
-666666666.0,"Center township, Polk County, Arkansas",113,90732,05
-666666666.0,"Rich Mountain township, Polk County, Arkansas",113,93162,05
-666666666.0,"Acorn township, Polk County, Arkansas",113,90003,05
-666666666.0,"Cedar township, Polk County, Arkansas",113,90711,05
-666666666.0,"Mill Creek township, Polk County, Arkansas",113,92484,05
-666666666.0,"White township, Polk County, Arkansas",113,93996,05
-666666666.0,"Ouachita township, Polk County, Arkansas",113,92787,05
-666666666.0,"Catholic Point township, Conway County, Arkansas",029,90696,05
18971.0,"Welborn township, Conway County, Arkansas",029,93960,05
-666666666.0,"Cedar Falls township, Conway County, Arkansas",029,90723,05
37880.0,"Howard township, Conway County, Arkansas",029,91779,05
-666666666.0,"Petit Jean township, Conway County, Arkansas",029,92856,05
-666666666.0,"Austin township, Conway County, Arkansas",029,90081,05
-666666666.0,"St. Vincent township, Conway County, Arkansas",029,93282,05
-666666666.0,"Higgins township, Conway County, Arkansas",029,91713,05
60625.0,"Lick Mountain township, Conway County, Arkansas",029,92199,05
-666666666.0,"Steele township, Conway County, Arkansas",029,93492,05
-666666666.0,"Bentley township, Conway County, Arkansas",029,90237,05
-666666666.0,"Bird township, Conway County, Arkansas",029,90312,05
-666666666.0,"Griffin township, Conway County, Arkansas",029,91533,05
-666666666.0,"White Eagle township, Conway County, Arkansas",029,93999,05
-666666666.0,"Heth township, St. Francis County, Arkansas",123,91680,05
-666666666.0,"Johnson township, St. Francis County, Arkansas",123,91980,05
33575.0,"Telico township, St. Francis County, Arkansas",123,93588,05
29375.0,"Griggs township, St. Francis County, Arkansas",123,91539,05
-666666666.0,"Black Fish township, St. Francis County, Arkansas",123,90321,05
14375.0,"Wheatley township, St. Francis County, Arkansas",123,93981,05
-666666666.0,"Goodwin township, St. Francis County, Arkansas",123,91482,05
28648.0,"Madison township, St. Francis County, Arkansas",123,92340,05
26484.0,"Prairie township, St. Francis County, Arkansas",123,93009,05
85809.0,"Franks township, St. Francis County, Arkansas",123,91368,05
11897.0,"Garland township, St. Francis County, Arkansas",123,91437,05
34211.0,"Big Rock township, Pulaski County, Arkansas",119,90300,05
-666666666.0,"Gravel Hill township, White County, Arkansas",145,91497,05
33201.0,"Hill township, Pulaski County, Arkansas",119,91731,05
-666666666.0,"Cypert township, White County, Arkansas",145,90999,05
-666666666.0,"Garner township, White County, Arkansas",145,91443,05
-666666666.0,"Antioch township, White County, Arkansas",145,90042,05
17822.0,"Independence township, Lee County, Arkansas",077,91821,05
24583.0,"Richland township, Lee County, Arkansas",077,93138,05
-666666666.0,"Hardy township, Lee County, Arkansas",077,91602,05
21359.0,"Oak Forest township, Lee County, Arkansas",077,92733,05
-666666666.0,"Fleener township, Lee County, Arkansas",077,91302,05
-666666666.0,"Texas township, Lee County, Arkansas",077,93600,05
-666666666.0,"Union township, Lee County, Arkansas",077,93699,05
-666666666.0,"Cleveland township, Fulton County, Arkansas",049,90855,05
-666666666.0,"Benton township, Fulton County, Arkansas",049,90243,05
-666666666.0,"Blue Bayou township, Howard County, Arkansas",061,90354,05
-666666666.0,"Buck Range township, Howard County, Arkansas",061,90531,05
-666666666.0,"Muddy Fork township, Howard County, Arkansas",061,92643,05
-666666666.0,"Dillard township, Howard County, Arkansas",061,91104,05
-666666666.0,"Blue Ridge township, Howard County, Arkansas",061,90369,05
-666666666.0,"Burg township, Howard County, Arkansas",061,90552,05
-666666666.0,"County Line township, Howard County, Arkansas",061,90933,05
-666666666.0,"Saline township, Howard County, Arkansas",061,93309,05
-666666666.0,"Umpire township, Howard County, Arkansas",061,93663,05
-666666666.0,"Brewer township, Howard County, Arkansas",061,90465,05
-666666666.0,"Center Point township, Howard County, Arkansas",061,90747,05
27083.0,"Mineral Springs township, Howard County, Arkansas",061,92505,05
-666666666.0,"Franklin township, Howard County, Arkansas",061,91350,05
32083.0,"Saratoga township, Howard County, Arkansas",061,93324,05
41667.0,"Tollette township, Howard County, Arkansas",061,93615,05
-666666666.0,"Clay township, Howard County, Arkansas",061,90822,05
-666666666.0,"Madison township, Howard County, Arkansas",061,92337,05
19813.0,"Nashville township, Howard County, Arkansas",061,92661,05
-666666666.0,"Duckett township, Howard County, Arkansas",061,91152,05
-666666666.0,"Holly Creek township, Howard County, Arkansas",061,91749,05
48493.0,"Whittington township, Garland County, Arkansas",051,94047,05
-666666666.0,"Mountain township, Howard County, Arkansas",061,92595,05
-666666666.0,"Blackland township, Howard County, Arkansas",061,90327,05
46292.0,"Hale township, Garland County, Arkansas",051,91581,05
32250.0,"Bowen township, Mississippi County, Arkansas",093,90429,05
20206.0,"Hot Springs township, Garland County, Arkansas",051,91773,05
-666666666.0,"Lake Hamilton township, Garland County, Arkansas",051,92100,05
29065.0,"Chickasawba township, Mississippi County, Arkansas",093,90783,05
22292.0,"Fletcher township, Mississippi County, Arkansas",093,91308,05
-666666666.0,"Jeff Davis township, Little River County, Arkansas",081,91911,05
-666666666.0,"Johnson township, Little River County, Arkansas",081,91974,05
-666666666.0,"Little River township, Little River County, Arkansas",081,92223,05
-666666666.0,"Franklin township, Little River County, Arkansas",081,91356,05
-666666666.0,"Jewell township, Little River County, Arkansas",081,91962,05
-666666666.0,"Lick Creek township, Little River County, Arkansas",081,92196,05
28750.0,"Red River township, Little River County, Arkansas",081,93081,05
28542.0,"Carlisle township, Lonoke County, Arkansas",085,90663,05
-666666666.0,"Caroline township, Lonoke County, Arkansas",085,90669,05
22917.0,"Crooked Creek township, Lonoke County, Arkansas",085,90972,05
-666666666.0,"Dortch township, Lonoke County, Arkansas",085,91125,05
-666666666.0,"Eagle township, Lonoke County, Arkansas",085,91191,05
-666666666.0,"Isbell township, Lonoke County, Arkansas",085,91839,05
-666666666.0,"Prairie township, Lonoke County, Arkansas",085,92997,05
-666666666.0,"York township, Lonoke County, Arkansas",085,94131,05
36250.0,"Lafayette township, Lonoke County, Arkansas",085,92070,05
-666666666.0,"Butler township, Lonoke County, Arkansas",085,90561,05
-666666666.0,"Goodrum township, Lonoke County, Arkansas",085,91479,05
-666666666.0,"Furlow township, Lonoke County, Arkansas",085,91398,05
-666666666.0,"Hamilton township, Lonoke County, Arkansas",085,91590,05
-666666666.0,"Walls township, Lonoke County, Arkansas",085,93852,05
85809.0,"Williams township, Lonoke County, Arkansas",085,94065,05
-666666666.0,"Scott township, Lonoke County, Arkansas",085,93327,05
-666666666.0,"Red Colony township, Sevier County, Arkansas",133,93060,05
-666666666.0,"Clear Creek township, Sevier County, Arkansas",133,90840,05
-666666666.0,"Mineral township, Sevier County, Arkansas",133,92502,05
-666666666.0,"Monroe township, Sevier County, Arkansas",133,92532,05
-666666666.0,"Bluffton township, Yell County, Arkansas",149,90372,05
-666666666.0,"Briggsville township, Yell County, Arkansas",149,90474,05
-666666666.0,"Ferguson township, Yell County, Arkansas",149,91293,05
-666666666.0,"Waveland township, Yell County, Arkansas",149,93951,05
-666666666.0,"Red River township, Searcy County, Arkansas",129,93087,05
-666666666.0,"Dutch Creek township, Yell County, Arkansas",149,91167,05
-666666666.0,"Mount Pleasant township, Searcy County, Arkansas",129,92631,05
-666666666.0,"Rock Creek township, Searcy County, Arkansas",129,93213,05
-666666666.0,"Bear Creek No. 4 township, Searcy County, Arkansas",129,90177,05
-666666666.0,"St. Joe township, Searcy County, Arkansas",129,93279,05
-666666666.0,"Tomahawk township, Searcy County, Arkansas",129,93618,05
-666666666.0,"Wileys Cove township, Searcy County, Arkansas",129,94062,05
-666666666.0,"Bear Creek No. 5 township, Searcy County, Arkansas",129,90178,05
-666666666.0,"Oxley township, Searcy County, Arkansas",129,92801,05
-666666666.0,"Shady Grove township, Searcy County, Arkansas",129,93351,05
-666666666.0,"Calf Creek township, Searcy County, Arkansas",129,90609,05
-666666666.0,"Long Creek township, Searcy County, Arkansas",129,92274,05
-666666666.0,"Fort Chaffee UT, Sebastian County, Arkansas",131,91320,05
-666666666.0,"Marion township, Sebastian County, Arkansas",131,92394,05
-666666666.0,"White Oak township, Sebastian County, Arkansas",131,94008,05
-666666666.0,"Beverly township, Sebastian County, Arkansas",131,90246,05
-666666666.0,"Big Creek township, Sebastian County, Arkansas",131,90279,05
-666666666.0,"Jim Fork township, Sebastian County, Arkansas",131,91965,05
-666666666.0,"Washburn township, Sebastian County, Arkansas",131,93897,05
24847.0,"Upper township, Sebastian County, Arkansas",131,93741,05
-666666666.0,"Cole township, Sebastian County, Arkansas",131,90900,05
-666666666.0,"Bloomer township, Sebastian County, Arkansas",131,90351,05
-666666666.0,"Center township, Sebastian County, Arkansas",131,90741,05
-666666666.0,"Hartford township, Sebastian County, Arkansas",131,91626,05
-666666666.0,"Bass Little township, Sebastian County, Arkansas",131,90141,05
-666666666.0,"Mont Sandels township, Sebastian County, Arkansas",131,92544,05
-666666666.0,"Dayton township, Sebastian County, Arkansas",131,91041,05
-666666666.0,"Mississippi township, Sebastian County, Arkansas",131,92514,05
-666666666.0,"Prairie township, Sebastian County, Arkansas",131,93015,05
-666666666.0,"Rogers township, Sebastian County, Arkansas",131,93222,05
-666666666.0,"Sugarloaf township, Sebastian County, Arkansas",131,93531,05
-666666666.0,"Island township, Sebastian County, Arkansas",131,91842,05
31250.0,"Lon Norris township, Sebastian County, Arkansas",131,92280,05
-666666666.0,"Diamond township, Sebastian County, Arkansas",131,91095,05
-666666666.0,"Lees Creek township, Crawford County, Arkansas",033,92145,05
-666666666.0,"Locke township, Crawford County, Arkansas",033,92240,05
-666666666.0,"Mulberry township, Crawford County, Arkansas",033,92648,05
-666666666.0,"Gilkey township, Yell County, Arkansas",149,91464,05
-666666666.0,"Rover township, Yell County, Arkansas",149,93240,05
-666666666.0,"Herring township, Yell County, Arkansas",149,91677,05
-666666666.0,"Mason township, Yell County, Arkansas",149,92418,05
-666666666.0,"Compton township, Yell County, Arkansas",149,90918,05
-666666666.0,"Crawford township, Yell County, Arkansas",149,90960,05
-666666666.0,"Prairie township, Yell County, Arkansas",149,93021,05
-666666666.0,"Riley township, Yell County, Arkansas",149,93180,05
-666666666.0,"Ward township, Yell County, Arkansas",149,93882,05
-666666666.0,"Galla Rock township, Yell County, Arkansas",149,91410,05
-666666666.0,"Gravelly Hill township, Yell County, Arkansas",149,91500,05
-666666666.0,"Ions Creek township, Yell County, Arkansas",149,91836,05
-666666666.0,"Richland township, Yell County, Arkansas",149,93159,05
-666666666.0,"Mountain township, Yell County, Arkansas",149,92613,05
-666666666.0,"Sulphur Springs township, Yell County, Arkansas",149,93549,05
-666666666.0,"Centerville township, Yell County, Arkansas",149,90753,05
-666666666.0,"Dardanelle township, Yell County, Arkansas",149,91020,05
-666666666.0,"Magazine township, Yell County, Arkansas",149,92343,05
-666666666.0,"Danville township, Yell County, Arkansas",149,91017,05
-666666666.0,"Lamar township, Yell County, Arkansas",149,92106,05
-666666666.0,"Cadron township, White County, Arkansas",145,90606,05
-666666666.0,"Cane township, White County, Arkansas",145,90636,05
-666666666.0,"Harrison township, White County, Arkansas",145,91623,05
61101.0,"Union township, White County, Arkansas",145,93732,05
-666666666.0,"Marion township, White County, Arkansas",145,92397,05
-666666666.0,"Royal township, White County, Arkansas",145,93246,05
-666666666.0,"Bald Knob township, White County, Arkansas",145,90096,05
-666666666.0,"Big Creek township, White County, Arkansas",145,90285,05
-666666666.0,"Albion township, White County, Arkansas",145,90018,05
-666666666.0,"Clay township, White County, Arkansas",145,90825,05
-666666666.0,"Coffey township, White County, Arkansas",145,90888,05
33094.0,"Gray township, White County, Arkansas",145,91506,05
-666666666.0,"Denmark township, White County, Arkansas",145,91062,05
-666666666.0,"Jackson township, White County, Arkansas",145,91887,05
-666666666.0,"Guthrie township, White County, Arkansas",145,91575,05
-666666666.0,"Chrisp township, White County, Arkansas",145,90792,05
-666666666.0,"Crosby township, White County, Arkansas",145,90978,05
-666666666.0,"Marshall township, White County, Arkansas",145,92403,05
-666666666.0,"Gum Springs township, White County, Arkansas",145,91566,05
-666666666.0,"Hartsell township, White County, Arkansas",145,91629,05
-666666666.0,"Kentucky township, White County, Arkansas",145,92037,05
-666666666.0,"Antioch township, Hot Spring County, Arkansas",059,90039,05
-666666666.0,"Lee township, Johnson County, Arkansas",071,92142,05
-666666666.0,"King township, Johnson County, Arkansas",071,92046,05
27969.0,"Spadra township, Johnson County, Arkansas",071,93447,05
-666666666.0,"Batson township, Johnson County, Arkansas",071,90150,05
-666666666.0,"Perry township, Johnson County, Arkansas",071,92847,05
-666666666.0,"Sherman township, Johnson County, Arkansas",071,93360,05
-666666666.0,"Prairie township, Johnson County, Arkansas",071,92994,05
-666666666.0,"Red Lick township, Johnson County, Arkansas",071,93078,05
-666666666.0,"Howell township, Johnson County, Arkansas",071,91782,05
-666666666.0,"Grant township, Johnson County, Arkansas",071,91491,05
-666666666.0,"Horsehead township, Johnson County, Arkansas",071,91770,05
-666666666.0,"McKennon township, Johnson County, Arkansas",071,92322,05
-666666666.0,"Stonewall township, Johnson County, Arkansas",071,93495,05
-666666666.0,"Hickey township, Johnson County, Arkansas",071,91683,05
-666666666.0,"Pittsburg township, Johnson County, Arkansas",071,92910,05
-666666666.0,"Mulberry township, Johnson County, Arkansas",071,92652,05
-666666666.0,"Ward township, Johnson County, Arkansas",071,93876,05
-666666666.0,"Low Gap township, Johnson County, Arkansas",071,92292,05
-666666666.0,"Dickerson-Hill township, Johnson County, Arkansas",071,91099,05
-666666666.0,"St. Francis township, Lee County, Arkansas",077,93273,05
17054.0,"Spring Creek township, Lee County, Arkansas",077,93459,05
-666666666.0,"Big Creek township, Lee County, Arkansas",077,90264,05
-666666666.0,"Council township, Lee County, Arkansas",077,90930,05
30625.0,"Hampton township, Lee County, Arkansas",077,91593,05
-666666666.0,"Alabam township, Madison County, Arkansas",087,90009,05
-666666666.0,"Bowen township, Madison County, Arkansas",087,90426,05
-666666666.0,"California township, Madison County, Arkansas",087,90621,05
-666666666.0,"Hilburn township, Madison County, Arkansas",087,91722,05
-666666666.0,"Gregory township, Conway County, Arkansas",029,91530,05
-666666666.0,"Union township, Conway County, Arkansas",029,93672,05
-666666666.0,"McLaren township, Conway County, Arkansas",029,92325,05
-666666666.0,"Nichols township, Conway County, Arkansas",029,92688,05
-666666666.0,"Old Hickory township, Conway County, Arkansas",029,92745,05
29273.0,"Washington township, Conway County, Arkansas",029,93906,05
-666666666.0,"Martin township, Conway County, Arkansas",029,92412,05
16412.0,"Bragg township, Ouachita County, Arkansas",103,90450,05
35341.0,"Bradley township, Ouachita County, Arkansas",103,90441,05
-666666666.0,"Carroll township, Ouachita County, Arkansas",103,90675,05
-666666666.0,"Cleveland township, Ouachita County, Arkansas",103,90867,05
28313.0,"Lafayette township, Ouachita County, Arkansas",103,92073,05
-666666666.0,"Liberty township, Ouachita County, Arkansas",103,92178,05
19539.0,"Smackover township, Ouachita County, Arkansas",103,93393,05
36991.0,"Union township, Ouachita County, Arkansas",103,93711,05
29110.0,"Marion township, Ouachita County, Arkansas",103,92388,05
-666666666.0,"River township, Ouachita County, Arkansas",103,93198,05
45074.0,"Valley township, Ouachita County, Arkansas",103,93762,05
54083.0,"Bridge Creek township, Ouachita County, Arkansas",103,90471,05
16699.0,"Ecore Fabre township, Ouachita County, Arkansas",103,91209,05
-666666666.0,"Washington township, Ouachita County, Arkansas",103,93921,05
-666666666.0,"Jefferson township, Ouachita County, Arkansas",103,91944,05
14000.0,"Red Hill township, Ouachita County, Arkansas",103,93066,05
-666666666.0,"Freeo township, Ouachita County, Arkansas",103,91383,05
-666666666.0,"Hudson township, Newton County, Arkansas",101,91788,05
-666666666.0,"Boston township, Newton County, Arkansas",101,90417,05
-666666666.0,"Jackson township, Newton County, Arkansas",101,91872,05
-666666666.0,"Kentucky township, Newton County, Arkansas",101,92031,05
-666666666.0,"Big Creek township, Newton County, Arkansas",101,90270,05
-666666666.0,"Pleasant Hill township, Newton County, Arkansas",101,92919,05
-666666666.0,"Van Buren township, Newton County, Arkansas",101,93774,05
-666666666.0,"Lincoln township, Newton County, Arkansas",101,92211,05
-666666666.0,"Prairie township, Newton County, Arkansas",101,93006,05
-666666666.0,"Hickory Grove township, Newton County, Arkansas",101,91695,05
-666666666.0,"Polk township, Newton County, Arkansas",101,92949,05
-666666666.0,"Murray township, Newton County, Arkansas",101,92655,05
-666666666.0,"Red River township, White County, Arkansas",145,93096,05
-666666666.0,"Velvet Ridge township, White County, Arkansas",145,93789,05
-666666666.0,"Dogwood township, White County, Arkansas",145,91122,05
-666666666.0,"Liberty township, White County, Arkansas",145,92193,05
-666666666.0,"Cleveland township, White County, Arkansas",145,90873,05
-666666666.0,"Coldwell township, White County, Arkansas",145,90897,05
-666666666.0,"El Paso township, White County, Arkansas",145,91242,05
-666666666.0,"Francure township, White County, Arkansas",145,91332,05
-666666666.0,"Higginson township, White County, Arkansas",145,91716,05
21667.0,"Kensett township, White County, Arkansas",145,92025,05
-666666666.0,"Mount Pisgah township, White County, Arkansas",145,92625,05
-666666666.0,"Des Arc township, White County, Arkansas",145,91086,05
-666666666.0,"Russell township, White County, Arkansas",145,93261,05
-666666666.0,"Jefferson township, White County, Arkansas",145,91953,05
-666666666.0,"Joy township, White County, Arkansas",145,92007,05
-666666666.0,"McRae township, White County, Arkansas",145,92331,05
-666666666.0,"Walker township, White County, Arkansas",145,93831,05
32092.0,"Missouri township, Nevada County, Arkansas",099,92520,05
-666666666.0,"Boughton township, Nevada County, Arkansas",099,90423,05
-666666666.0,"Emmet township, Nevada County, Arkansas",099,91248,05
33333.0,"Parker township, Nevada County, Arkansas",099,92823,05
20793.0,"Taylor township, Nevada County, Arkansas",099,93585,05
-666666666.0,"Alabama township, Nevada County, Arkansas",099,90012,05
12455.0,"Union township, Nevada County, Arkansas",099,93705,05
-666666666.0,"Georgia township, Nevada County, Arkansas",099,91449,05
-666666666.0,"Leake township, Nevada County, Arkansas",099,92130,05
-666666666.0,"Albany township, Nevada County, Arkansas",099,90015,05
-666666666.0,"Caney township, Nevada County, Arkansas",099,90654,05
-666666666.0,"Jackson township, Nevada County, Arkansas",099,91869,05
-666666666.0,"Redland township, Nevada County, Arkansas",099,93075,05
-666666666.0,"Clark township, Clay County, Arkansas",021,90801,05
-666666666.0,"Pollard township, Clay County, Arkansas",021,92952,05
-666666666.0,"Knob township, Clay County, Arkansas",021,92058,05
-666666666.0,"Valley township, Madison County, Arkansas",087,93759,05
-666666666.0,"Kings River township, Madison County, Arkansas",087,92055,05
-666666666.0,"Boston township, Madison County, Arkansas",087,90414,05
-666666666.0,"Japton township, Madison County, Arkansas",087,91902,05
-666666666.0,"War Eagle township, Madison County, Arkansas",087,93888,05
-666666666.0,"Mill Creek township, Madison County, Arkansas",087,92481,05
-666666666.0,"Marble township, Madison County, Arkansas",087,92367,05
-666666666.0,"Prairie township, Madison County, Arkansas",087,93000,05
-666666666.0,"Richland township, Madison County, Arkansas",087,93144,05
-666666666.0,"Lincoln township, Madison County, Arkansas",087,92208,05
-666666666.0,"Lamar township, Madison County, Arkansas",087,92103,05
16667.0,"Bowie township, Desha County, Arkansas",041,90435,05
-666666666.0,"Fletcher township, Lonoke County, Arkansas",085,91305,05
-666666666.0,"Gray township, Lonoke County, Arkansas",085,91503,05
35814.0,"Lonoke township, Lonoke County, Arkansas",085,92283,05
-666666666.0,"Cleveland township, Lonoke County, Arkansas",085,90861,05
-666666666.0,"Indian Bayou township, Lonoke County, Arkansas",085,91827,05
-666666666.0,"Magness township, Lonoke County, Arkansas",085,92349,05
-666666666.0,"Oak Grove township, Lonoke County, Arkansas",085,92736,05
-666666666.0,"Ward township, Lonoke County, Arkansas",085,93879,05
20078.0,"Gum Woods township, Lonoke County, Arkansas",085,91569,05
39063.0,"Pulaski township, Lonoke County, Arkansas",085,93042,05
-666666666.0,"Pettus township, Lonoke County, Arkansas",085,92865,05
-666666666.0,"Richwoods township, Lonoke County, Arkansas",085,93171,05
-666666666.0,"Cedar township, Carroll County, Arkansas",015,90708,05
-666666666.0,"Holly Springs township, Dallas County, Arkansas",039,91752,05
-666666666.0,"Jackson township, Dallas County, Arkansas",039,91860,05
41750.0,"Chester township, Dallas County, Arkansas",039,90780,05
-666666666.0,"Bearhouse township, Drew County, Arkansas",043,90186,05
25750.0,"Live Oak township, Drew County, Arkansas",043,92238,05
-666666666.0,"Cominto township, Drew County, Arkansas",043,90915,05
-666666666.0,"Spring Hill township, Drew County, Arkansas",043,93471,05
-666666666.0,"Bartholomew township, Drew County, Arkansas",043,90132,05
-666666666.0,"Clear Creek township, Drew County, Arkansas",043,90834,05
48333.0,"Franklin township, Drew County, Arkansas",043,91344,05
-666666666.0,"Crook township, Drew County, Arkansas",043,90969,05
20486.0,"Marion township, Drew County, Arkansas",043,92382,05
-666666666.0,"Veasey township, Drew County, Arkansas",043,93786,05
51208.0,"Saline township, Drew County, Arkansas",043,93300,05
-666666666.0,"Collins township, Drew County, Arkansas",043,90906,05
25511.0,"McNeil township, Columbia County, Arkansas",027,92328,05
24105.0,"Magnolia township, Columbia County, Arkansas",027,92355,05
27143.0,"Village township, Columbia County, Arkansas",027,93801,05
22850.0,"Emerson township, Columbia County, Arkansas",027,91245,05
-666666666.0,"Taylor township, Columbia County, Arkansas",027,93579,05
17440.0,"Waldo township, Columbia County, Arkansas",027,93822,05
-666666666.0,"Water Valley township, Randolph County, Arkansas",121,93948,05
-666666666.0,"West Roanoke township, Randolph County, Arkansas",121,93974,05
-666666666.0,"Wiley township, Randolph County, Arkansas",121,94059,05
-666666666.0,"Little Black township, Randolph County, Arkansas",121,92220,05
-666666666.0,"Shiloh township, Randolph County, Arkansas",121,93363,05
-666666666.0,"Bristow township, Randolph County, Arkansas",121,90486,05
-666666666.0,"Butler township, Randolph County, Arkansas",121,90564,05
-666666666.0,"Running Lake township, Randolph County, Arkansas",121,93255,05
-666666666.0,"Union township, Randolph County, Arkansas",121,93720,05
-666666666.0,"Demun township, Randolph County, Arkansas",121,91059,05
-666666666.0,"Eleven Point township, Randolph County, Arkansas",121,91221,05
-666666666.0,"O'Kean township, Randolph County, Arkansas",121,92742,05
-666666666.0,"Reyno township, Randolph County, Arkansas",121,93117,05
-666666666.0,"Siloam township, Randolph County, Arkansas",121,93378,05
-666666666.0,"Dalton township, Randolph County, Arkansas",121,91012,05
16875.0,"McGavock township, Mississippi County, Arkansas",093,92310,05
21964.0,"Golden Lake township, Mississippi County, Arkansas",093,91476,05
-666666666.0,"Half Moon Lake township, Mississippi County, Arkansas",093,91584,05
32279.0,"Scott township, Mississippi County, Arkansas",093,93330,05
-666666666.0,"Canadian township, Mississippi County, Arkansas",093,90633,05
-666666666.0,"Hector township, Mississippi County, Arkansas",093,91659,05
-666666666.0,"Carson township, Mississippi County, Arkansas",093,90683,05
-666666666.0,"Burdette township, Mississippi County, Arkansas",093,90549,05
-666666666.0,"Dyess township, Mississippi County, Arkansas",093,91182,05
-666666666.0,"Little River township, Mississippi County, Arkansas",093,92226,05
42500.0,"Whitton township, Mississippi County, Arkansas",093,94050,05
22136.0,"Monroe township, Mississippi County, Arkansas",093,92529,05
-666666666.0,"Neal township, Mississippi County, Arkansas",093,92664,05
-666666666.0,"Big Lake township, Mississippi County, Arkansas",093,90297,05
-666666666.0,"Dover township, Pope County, Arkansas",115,91134,05
-666666666.0,"Liberty township, Pope County, Arkansas",115,92181,05
32281.0,"Illinois township, Pope County, Arkansas",115,91812,05
-666666666.0,"Convenience township, Pope County, Arkansas",115,90921,05
-666666666.0,"Griffin township, Pope County, Arkansas",115,91536,05
-666666666.0,"Wilson township, Pope County, Arkansas",115,94089,05
-666666666.0,"Burnett township, Pope County, Arkansas",115,90558,05
-666666666.0,"Bayliss township, Pope County, Arkansas",115,90159,05
-666666666.0,"Clark township, Pope County, Arkansas",115,90813,05
-666666666.0,"Martin township, Pope County, Arkansas",115,92415,05
-666666666.0,"Center township, Pope County, Arkansas",115,90735,05
-666666666.0,"Moreland township, Pope County, Arkansas",115,92553,05
-666666666.0,"Phoenix township, Pope County, Arkansas",115,92871,05
-666666666.0,"Galla township, Pope County, Arkansas",115,91407,05
-666666666.0,"Smyrna township, Pope County, Arkansas",115,93420,05
-666666666.0,"Gum Log township, Pope County, Arkansas",115,91560,05
-666666666.0,"Freeman township, Pope County, Arkansas",115,91377,05
-666666666.0,"Valley township, Pope County, Arkansas",115,93765,05
-666666666.0,"Jackson township, Pope County, Arkansas",115,91875,05
-666666666.0,"Upper Surrounded Hill township, Prairie County, Arkansas",117,93747,05
-666666666.0,"Hickory Plain township, Prairie County, Arkansas",117,91698,05
11827.0,"Watensaw township, Prairie County, Arkansas",117,93939,05
-666666666.0,"Roc Roe township, Prairie County, Arkansas",117,93219,05
-666666666.0,"Kings River township, Carroll County, Arkansas",015,92052,05
-666666666.0,"Packard Springs township, Carroll County, Arkansas",015,92811,05
-666666666.0,"Coin township, Carroll County, Arkansas",015,90891,05
-666666666.0,"Omega township, Carroll County, Arkansas",015,92763,05
-666666666.0,"Franklin township, Carroll County, Arkansas",015,91338,05
-666666666.0,"Hickory township, Carroll County, Arkansas",015,91692,05
-666666666.0,"Liberty township, Carroll County, Arkansas",015,92163,05
-666666666.0,"Long Creek township, Carroll County, Arkansas",015,92271,05
-666666666.0,"Polo township, Carroll County, Arkansas",015,92955,05
-666666666.0,"Piney township, Carroll County, Arkansas",015,92898,05
-666666666.0,"Cross township, Carroll County, Arkansas",015,90981,05
-666666666.0,"Dry Fork township, Carroll County, Arkansas",015,91143,05
-666666666.0,"Cabanal township, Carroll County, Arkansas",015,90570,05
-666666666.0,"North Yocum township, Carroll County, Arkansas",015,92727,05
-666666666.0,"Prairie township, Carroll County, Arkansas",015,92982,05
-666666666.0,"South Yocum township, Carroll County, Arkansas",015,93444,05
-666666666.0,"Winona township, Carroll County, Arkansas",015,94101,05
-666666666.0,"Beaver township, Carroll County, Arkansas",015,90195,05
-666666666.0,"Carrollton township, Carroll County, Arkansas",015,90681,05
-666666666.0,"Osage township, Carroll County, Arkansas",015,92769,05
-666666666.0,"Days Creek township, Miller County, Arkansas",091,91038,05
48661.0,"Sulphur township, Miller County, Arkansas",091,93537,05
29161.0,"Garland township, Miller County, Arkansas",091,91434,05
-666666666.0,"Beech township, Miller County, Arkansas",091,90207,05
-666666666.0,"Cut Off township, Miller County, Arkansas",091,90996,05
-666666666.0,"Homan township, Miller County, Arkansas",091,91755,05
32292.0,"Red River township, Miller County, Arkansas",091,93084,05
-666666666.0,"Cleveland township, Miller County, Arkansas",091,90864,05
-666666666.0,"Janes Creek township, Randolph County, Arkansas",121,91899,05
-666666666.0,"Richardson township, Randolph County, Arkansas",121,93126,05
-666666666.0,"Sumpter township, Bradley County, Arkansas",011,93558,05
26128.0,"Caddo township, Clark County, Arkansas",019,90591,05
-666666666.0,"Eagle township, Bradley County, Arkansas",011,91185,05
-666666666.0,"Ouachita township, Bradley County, Arkansas",011,92778,05
-666666666.0,"Marion township, Bradley County, Arkansas",011,92379,05
-666666666.0,"Bidville township, Crawford County, Arkansas",033,90248,05
-666666666.0,"Dyer township, Crawford County, Arkansas",033,91176,05
-666666666.0,"Jasper township, Crawford County, Arkansas",033,91905,05
-666666666.0,"Cedar Creek township, Crawford County, Arkansas",033,90717,05
-666666666.0,"Rudy township, Crawford County, Arkansas",033,93252,05
-666666666.0,"Upper township, Crawford County, Arkansas",033,93738,05
-666666666.0,"Winfrey township, Crawford County, Arkansas",033,94098,05
-666666666.0,"Oliver Springs township, Crawford County, Arkansas",033,92754,05
-666666666.0,"Porter township, Crawford County, Arkansas",033,92961,05
-666666666.0,"Uniontown township, Crawford County, Arkansas",033,93733,05
21607.0,"Van Buren township, Crawford County, Arkansas",033,93771,05
-666666666.0,"Cedarville township, Crawford County, Arkansas",033,90726,05
-666666666.0,"Red Fork township, Desha County, Arkansas",041,93063,05
-666666666.0,"Halley township, Desha County, Arkansas",041,91587,05
-666666666.0,"Mississippi township, Desha County, Arkansas",041,92511,05
20332.0,"Randolph township, Desha County, Arkansas",041,93051,05
-666666666.0,"Richland township, Desha County, Arkansas",041,93132,05
-666666666.0,"Jefferson township, Desha County, Arkansas",041,91920,05
-666666666.0,"Silver Lake township, Desha County, Arkansas",041,93381,05
14813.0,"Clayton township, Desha County, Arkansas",041,90831,05
28590.0,"Walnut Lake township, Desha County, Arkansas",041,93870,05
24688.0,"Franklin township, Desha County, Arkansas",041,91341,05
-666666666.0,"Mount Calm township, Fulton County, Arkansas",049,92619,05
-666666666.0,"South Fork township, Fulton County, Arkansas",049,93429,05
-666666666.0,"Washington township, Fulton County, Arkansas",049,93909,05
-666666666.0,"Wilson township, Fulton County, Arkansas",049,94086,05
-666666666.0,"Fulton township, Fulton County, Arkansas",049,91392,05
-666666666.0,"Mammoth Spring township, Fulton County, Arkansas",049,92361,05
